__v|VCodMunicipio|VEstado|VCo_Unidade|url
172120|17|1721203904083|http://cnes.datasus.gov.br/Exibe_Ficha_Estabelecimento.asp?VCo_Unidade=1721203904083&VEstado=17&VCodMunicipio=172120
171820|17|1718207422490|http://cnes.datasus.gov.br/Exibe_Ficha_Estabelecimento.asp?VCo_Unidade=1718207422490&VEstado=17&VCodMunicipio=171820
172100|17|1721006030572|http://cnes.datasus.gov.br/Exibe_Ficha_Estabelecimento.asp?VCo_Unidade=1721006030572&VEstado=17&VCodMunicipio=172100
280560|28|2805607016182|http://cnes.datasus.gov.br/Exibe_Ficha_Estabelecimento.asp?VCo_Unidade=2805607016182&VEstado=28&VCodMunicipio=280560
280290|28|2802902611910|http://cnes.datasus.gov.br/Exibe_Ficha_Estabelecimento.asp?VCo_Unidade=2802902611910&VEstado=28&VCodMunicipio=280290
280030|28|2800303419355|http://cnes.datasus.gov.br/Exibe_Ficha_Estabelecimento.asp?VCo_Unidade=2800303419355&VEstado=28&VCodMunicipio=280030
280030|28|2800305282268|http://cnes.datasus.gov.br/Exibe_Ficha_Estabelecimento.asp?VCo_Unidade=2800305282268&VEstado=28&VCodMunicipio=280030
355710|35|3557107693664|http://cnes.datasus.gov.br/Exibe_Ficha_Estabelecimento.asp?VCo_Unidade=3557107693664&VEstado=35&VCodMunicipio=355710
355645|35|3556456531768|http://cnes.datasus.gov.br/Exibe_Ficha_Estabelecimento.asp?VCo_Unidade=3556456531768&VEstado=35&VCodMunicipio=355645
355220|35|3552205696984|http://cnes.datasus.gov.br/Exibe_Ficha_Estabelecimento.asp?VCo_Unidade=3552205696984&VEstado=35&VCodMunicipio=355220
355100|35|3551003682358|http://cnes.datasus.gov.br/Exibe_Ficha_Estabelecimento.asp?VCo_Unidade=3551003682358&VEstado=35&VCodMunicipio=355100
355030|35|3550307762194|http://cnes.datasus.gov.br/Exibe_Ficha_Estabelecimento.asp?VCo_Unidade=3550307762194&VEstado=35&VCodMunicipio=355030
355030|35|3550305526647|http://cnes.datasus.gov.br/Exibe_Ficha_Estabelecimento.asp?VCo_Unidade=3550305526647&VEstado=35&VCodMunicipio=355030
355030|35|3550305526337|http://cnes.datasus.gov.br/Exibe_Ficha_Estabelecimento.asp?VCo_Unidade=3550305526337&VEstado=35&VCodMunicipio=355030
355030|35|3550303760251|http://cnes.datasus.gov.br/Exibe_Ficha_Estabelecimento.asp?VCo_Unidade=3550303760251&VEstado=35&VCodMunicipio=355030
355030|35|3550305524741|http://cnes.datasus.gov.br/Exibe_Ficha_Estabelecimento.asp?VCo_Unidade=3550305524741&VEstado=35&VCodMunicipio=355030
355030|35|3550303701980|http://cnes.datasus.gov.br/Exibe_Ficha_Estabelecimento.asp?VCo_Unidade=3550303701980&VEstado=35&VCodMunicipio=355030
355030|35|3550306095607|http://cnes.datasus.gov.br/Exibe_Ficha_Estabelecimento.asp?VCo_Unidade=3550306095607&VEstado=35&VCodMunicipio=355030
355030|35|3550305526353|http://cnes.datasus.gov.br/Exibe_Ficha_Estabelecimento.asp?VCo_Unidade=3550305526353&VEstado=35&VCodMunicipio=355030
355030|35|3550305400821|http://cnes.datasus.gov.br/Exibe_Ficha_Estabelecimento.asp?VCo_Unidade=3550305400821&VEstado=35&VCodMunicipio=355030
355030|35|3550303818535|http://cnes.datasus.gov.br/Exibe_Ficha_Estabelecimento.asp?VCo_Unidade=3550303818535&VEstado=35&VCodMunicipio=355030
355030|35|3550305220432|http://cnes.datasus.gov.br/Exibe_Ficha_Estabelecimento.asp?VCo_Unidade=3550305220432&VEstado=35&VCodMunicipio=355030
355030|35|3550305526434|http://cnes.datasus.gov.br/Exibe_Ficha_Estabelecimento.asp?VCo_Unidade=3550305526434&VEstado=35&VCodMunicipio=355030
355030|35|3550303633152|http://cnes.datasus.gov.br/Exibe_Ficha_Estabelecimento.asp?VCo_Unidade=3550303633152&VEstado=35&VCodMunicipio=355030
355030|35|3550306111912|http://cnes.datasus.gov.br/Exibe_Ficha_Estabelecimento.asp?VCo_Unidade=3550306111912&VEstado=35&VCodMunicipio=355030
355030|35|3550303710890|http://cnes.datasus.gov.br/Exibe_Ficha_Estabelecimento.asp?VCo_Unidade=3550303710890&VEstado=35&VCodMunicipio=355030
355030|35|3550303730964|http://cnes.datasus.gov.br/Exibe_Ficha_Estabelecimento.asp?VCo_Unidade=3550303730964&VEstado=35&VCodMunicipio=355030
355030|35|3550303759377|http://cnes.datasus.gov.br/Exibe_Ficha_Estabelecimento.asp?VCo_Unidade=3550303759377&VEstado=35&VCodMunicipio=355030
355030|35|3550305220408|http://cnes.datasus.gov.br/Exibe_Ficha_Estabelecimento.asp?VCo_Unidade=3550305220408&VEstado=35&VCodMunicipio=355030
355030|35|3550305406161|http://cnes.datasus.gov.br/Exibe_Ficha_Estabelecimento.asp?VCo_Unidade=3550305406161&VEstado=35&VCodMunicipio=355030
355030|35|3550305194555|http://cnes.datasus.gov.br/Exibe_Ficha_Estabelecimento.asp?VCo_Unidade=3550305194555&VEstado=35&VCodMunicipio=355030
355030|35|3550306169791|http://cnes.datasus.gov.br/Exibe_Ficha_Estabelecimento.asp?VCo_Unidade=3550306169791&VEstado=35&VCodMunicipio=355030
355030|35|3550305387108|http://cnes.datasus.gov.br/Exibe_Ficha_Estabelecimento.asp?VCo_Unidade=3550305387108&VEstado=35&VCodMunicipio=355030
355030|35|3550305387116|http://cnes.datasus.gov.br/Exibe_Ficha_Estabelecimento.asp?VCo_Unidade=3550305387116&VEstado=35&VCodMunicipio=355030
355030|35|3550306758401|http://cnes.datasus.gov.br/Exibe_Ficha_Estabelecimento.asp?VCo_Unidade=3550306758401&VEstado=35&VCodMunicipio=355030
355030|35|3550306593542|http://cnes.datasus.gov.br/Exibe_Ficha_Estabelecimento.asp?VCo_Unidade=3550306593542&VEstado=35&VCodMunicipio=355030
355030|35|3550305205611|http://cnes.datasus.gov.br/Exibe_Ficha_Estabelecimento.asp?VCo_Unidade=3550305205611&VEstado=35&VCodMunicipio=355030
355030|35|3550305221366|http://cnes.datasus.gov.br/Exibe_Ficha_Estabelecimento.asp?VCo_Unidade=3550305221366&VEstado=35&VCodMunicipio=355030
355030|35|3550305526426|http://cnes.datasus.gov.br/Exibe_Ficha_Estabelecimento.asp?VCo_Unidade=3550305526426&VEstado=35&VCodMunicipio=355030
355030|35|3550307122616|http://cnes.datasus.gov.br/Exibe_Ficha_Estabelecimento.asp?VCo_Unidade=3550307122616&VEstado=35&VCodMunicipio=355030
355030|35|3550303806103|http://cnes.datasus.gov.br/Exibe_Ficha_Estabelecimento.asp?VCo_Unidade=3550303806103&VEstado=35&VCodMunicipio=355030
355030|35|3550303210014|http://cnes.datasus.gov.br/Exibe_Ficha_Estabelecimento.asp?VCo_Unidade=3550303210014&VEstado=35&VCodMunicipio=355030
355030|35|3550303275647|http://cnes.datasus.gov.br/Exibe_Ficha_Estabelecimento.asp?VCo_Unidade=3550303275647&VEstado=35&VCodMunicipio=355030
354990|35|3549905165652|http://cnes.datasus.gov.br/Exibe_Ficha_Estabelecimento.asp?VCo_Unidade=3549905165652&VEstado=35&VCodMunicipio=354990
354980|35|3549806428533|http://cnes.datasus.gov.br/Exibe_Ficha_Estabelecimento.asp?VCo_Unidade=3549806428533&VEstado=35&VCodMunicipio=354980
354910|35|3549105259681|http://cnes.datasus.gov.br/Exibe_Ficha_Estabelecimento.asp?VCo_Unidade=3549105259681&VEstado=35&VCodMunicipio=354910
354850|35|3548506858694|http://cnes.datasus.gov.br/Exibe_Ficha_Estabelecimento.asp?VCo_Unidade=3548506858694&VEstado=35&VCodMunicipio=354850
354850|35|3548503482456|http://cnes.datasus.gov.br/Exibe_Ficha_Estabelecimento.asp?VCo_Unidade=3548503482456&VEstado=35&VCodMunicipio=354850
354680|35|3546803339300|http://cnes.datasus.gov.br/Exibe_Ficha_Estabelecimento.asp?VCo_Unidade=3546803339300&VEstado=35&VCodMunicipio=354680
354600|35|3546002091224|http://cnes.datasus.gov.br/Exibe_Ficha_Estabelecimento.asp?VCo_Unidade=3546002091224&VEstado=35&VCodMunicipio=354600
354400|35|3544003618552|http://cnes.datasus.gov.br/Exibe_Ficha_Estabelecimento.asp?VCo_Unidade=3544003618552&VEstado=35&VCodMunicipio=354400
354340|35|3543403616428|http://cnes.datasus.gov.br/Exibe_Ficha_Estabelecimento.asp?VCo_Unidade=3543403616428&VEstado=35&VCodMunicipio=354340
354340|35|3543406018858|http://cnes.datasus.gov.br/Exibe_Ficha_Estabelecimento.asp?VCo_Unidade=3543406018858&VEstado=35&VCodMunicipio=354340
353870|35|3538705708869|http://cnes.datasus.gov.br/Exibe_Ficha_Estabelecimento.asp?VCo_Unidade=3538705708869&VEstado=35&VCodMunicipio=353870
353470|35|3534705228042|http://cnes.datasus.gov.br/Exibe_Ficha_Estabelecimento.asp?VCo_Unidade=3534705228042&VEstado=35&VCodMunicipio=353470
353290|35|3532902747650|http://cnes.datasus.gov.br/Exibe_Ficha_Estabelecimento.asp?VCo_Unidade=3532902747650&VEstado=35&VCodMunicipio=353290
353070|35|3530703616894|http://cnes.datasus.gov.br/Exibe_Ficha_Estabelecimento.asp?VCo_Unidade=3530703616894&VEstado=35&VCodMunicipio=353070
352690|35|3526906862047|http://cnes.datasus.gov.br/Exibe_Ficha_Estabelecimento.asp?VCo_Unidade=3526906862047&VEstado=35&VCodMunicipio=352690
352670|35|3526706355218|http://cnes.datasus.gov.br/Exibe_Ficha_Estabelecimento.asp?VCo_Unidade=3526706355218&VEstado=35&VCodMunicipio=352670
352590|35|3525903344991|http://cnes.datasus.gov.br/Exibe_Ficha_Estabelecimento.asp?VCo_Unidade=3525903344991&VEstado=35&VCodMunicipio=352590
352590|35|3525903930769|http://cnes.datasus.gov.br/Exibe_Ficha_Estabelecimento.asp?VCo_Unidade=3525903930769&VEstado=35&VCodMunicipio=352590
352500|35|3525002792206|http://cnes.datasus.gov.br/Exibe_Ficha_Estabelecimento.asp?VCo_Unidade=3525002792206&VEstado=35&VCodMunicipio=352500
352440|35|3524403132765|http://cnes.datasus.gov.br/Exibe_Ficha_Estabelecimento.asp?VCo_Unidade=3524403132765&VEstado=35&VCodMunicipio=352440
352430|35|3524305197341|http://cnes.datasus.gov.br/Exibe_Ficha_Estabelecimento.asp?VCo_Unidade=3524305197341&VEstado=35&VCodMunicipio=352430
352260|35|3522605373255|http://cnes.datasus.gov.br/Exibe_Ficha_Estabelecimento.asp?VCo_Unidade=3522605373255&VEstado=35&VCodMunicipio=352260
352044|35|3520445281164|http://cnes.datasus.gov.br/Exibe_Ficha_Estabelecimento.asp?VCo_Unidade=3520445281164&VEstado=35&VCodMunicipio=352044
352000|35|3520007049196|http://cnes.datasus.gov.br/Exibe_Ficha_Estabelecimento.asp?VCo_Unidade=3520007049196&VEstado=35&VCodMunicipio=352000
351880|35|3518807670192|http://cnes.datasus.gov.br/Exibe_Ficha_Estabelecimento.asp?VCo_Unidade=3518807670192&VEstado=35&VCodMunicipio=351880
351880|35|3518803382540|http://cnes.datasus.gov.br/Exibe_Ficha_Estabelecimento.asp?VCo_Unidade=3518803382540&VEstado=35&VCodMunicipio=351880
351840|35|3518406820492|http://cnes.datasus.gov.br/Exibe_Ficha_Estabelecimento.asp?VCo_Unidade=3518406820492&VEstado=35&VCodMunicipio=351840
351840|35|3518402031728|http://cnes.datasus.gov.br/Exibe_Ficha_Estabelecimento.asp?VCo_Unidade=3518402031728&VEstado=35&VCodMunicipio=351840
351770|35|3517706358691|http://cnes.datasus.gov.br/Exibe_Ficha_Estabelecimento.asp?VCo_Unidade=3517706358691&VEstado=35&VCodMunicipio=351770
351670|35|3516707256337|http://cnes.datasus.gov.br/Exibe_Ficha_Estabelecimento.asp?VCo_Unidade=3516707256337&VEstado=35&VCodMunicipio=351670
351620|35|3516203896692|http://cnes.datasus.gov.br/Exibe_Ficha_Estabelecimento.asp?VCo_Unidade=3516203896692&VEstado=35&VCodMunicipio=351620
351550|35|3515503735486|http://cnes.datasus.gov.br/Exibe_Ficha_Estabelecimento.asp?VCo_Unidade=3515503735486&VEstado=35&VCodMunicipio=351550
351450|35|3514502790637|http://cnes.datasus.gov.br/Exibe_Ficha_Estabelecimento.asp?VCo_Unidade=3514502790637&VEstado=35&VCodMunicipio=351450
351370|35|3513707107188|http://cnes.datasus.gov.br/Exibe_Ficha_Estabelecimento.asp?VCo_Unidade=3513707107188&VEstado=35&VCodMunicipio=351370
351220|35|3512202087650|http://cnes.datasus.gov.br/Exibe_Ficha_Estabelecimento.asp?VCo_Unidade=3512202087650&VEstado=35&VCodMunicipio=351220
351050|35|3510506168043|http://cnes.datasus.gov.br/Exibe_Ficha_Estabelecimento.asp?VCo_Unidade=3510506168043&VEstado=35&VCodMunicipio=351050
351040|35|3510403335712|http://cnes.datasus.gov.br/Exibe_Ficha_Estabelecimento.asp?VCo_Unidade=3510403335712&VEstado=35&VCodMunicipio=351040
350950|35|3509505628202|http://cnes.datasus.gov.br/Exibe_Ficha_Estabelecimento.asp?VCo_Unidade=3509505628202&VEstado=35&VCodMunicipio=350950
350950|35|3509506972535|http://cnes.datasus.gov.br/Exibe_Ficha_Estabelecimento.asp?VCo_Unidade=3509506972535&VEstado=35&VCodMunicipio=350950
350850|35|3508503732371|http://cnes.datasus.gov.br/Exibe_Ficha_Estabelecimento.asp?VCo_Unidade=3508503732371&VEstado=35&VCodMunicipio=350850
350570|35|3505705260108|http://cnes.datasus.gov.br/Exibe_Ficha_Estabelecimento.asp?VCo_Unidade=3505705260108&VEstado=35&VCodMunicipio=350570
350400|35|3504005155339|http://cnes.datasus.gov.br/Exibe_Ficha_Estabelecimento.asp?VCo_Unidade=3504005155339&VEstado=35&VCodMunicipio=350400
350380|35|3503806028160|http://cnes.datasus.gov.br/Exibe_Ficha_Estabelecimento.asp?VCo_Unidade=3503806028160&VEstado=35&VCodMunicipio=350380
350330|35|3503303227758|http://cnes.datasus.gov.br/Exibe_Ficha_Estabelecimento.asp?VCo_Unidade=3503303227758&VEstado=35&VCodMunicipio=350330
350320|35|3503206658865|http://cnes.datasus.gov.br/Exibe_Ficha_Estabelecimento.asp?VCo_Unidade=3503206658865&VEstado=35&VCodMunicipio=350320
350220|35|3502207650280|http://cnes.datasus.gov.br/Exibe_Ficha_Estabelecimento.asp?VCo_Unidade=3502207650280&VEstado=35&VCodMunicipio=350220
350160|35|3501606151442|http://cnes.datasus.gov.br/Exibe_Ficha_Estabelecimento.asp?VCo_Unidade=3501606151442&VEstado=35&VCodMunicipio=350160
350160|35|3501606151590|http://cnes.datasus.gov.br/Exibe_Ficha_Estabelecimento.asp?VCo_Unidade=3501606151590&VEstado=35&VCodMunicipio=350160
421690|42|4216905670764|http://cnes.datasus.gov.br/Exibe_Ficha_Estabelecimento.asp?VCo_Unidade=4216905670764&VEstado=42&VCodMunicipio=421690
421470|42|4214705463211|http://cnes.datasus.gov.br/Exibe_Ficha_Estabelecimento.asp?VCo_Unidade=4214705463211&VEstado=42&VCodMunicipio=421470
420820|42|4208207548516|http://cnes.datasus.gov.br/Exibe_Ficha_Estabelecimento.asp?VCo_Unidade=4208207548516&VEstado=42&VCodMunicipio=420820
420800|42|4208002690993|http://cnes.datasus.gov.br/Exibe_Ficha_Estabelecimento.asp?VCo_Unidade=4208002690993&VEstado=42&VCodMunicipio=420800
420750|42|4207502521830|http://cnes.datasus.gov.br/Exibe_Ficha_Estabelecimento.asp?VCo_Unidade=4207502521830&VEstado=42&VCodMunicipio=420750
420420|42|4204202539306|http://cnes.datasus.gov.br/Exibe_Ficha_Estabelecimento.asp?VCo_Unidade=4204202539306&VEstado=42&VCodMunicipio=420420
420300|42|4203005007941|http://cnes.datasus.gov.br/Exibe_Ficha_Estabelecimento.asp?VCo_Unidade=4203005007941&VEstado=42&VCodMunicipio=420300
420200|42|4202006357571|http://cnes.datasus.gov.br/Exibe_Ficha_Estabelecimento.asp?VCo_Unidade=4202006357571&VEstado=42&VCodMunicipio=420200
140017|14|1400173612848|http://cnes.datasus.gov.br/Exibe_Ficha_Estabelecimento.asp?VCo_Unidade=1400173612848&VEstado=14&VCodMunicipio=140017
140015|14|1400152320037|http://cnes.datasus.gov.br/Exibe_Ficha_Estabelecimento.asp?VCo_Unidade=1400152320037&VEstado=14&VCodMunicipio=140015
140010|14|1400106522718|http://cnes.datasus.gov.br/Exibe_Ficha_Estabelecimento.asp?VCo_Unidade=1400106522718&VEstado=14&VCodMunicipio=140010
140002|14|1400026784542|http://cnes.datasus.gov.br/Exibe_Ficha_Estabelecimento.asp?VCo_Unidade=1400026784542&VEstado=14&VCodMunicipio=140002
432100|43|4321003952010|http://cnes.datasus.gov.br/Exibe_Ficha_Estabelecimento.asp?VCo_Unidade=4321003952010&VEstado=43&VCodMunicipio=432100
431690|43|4316903470946|http://cnes.datasus.gov.br/Exibe_Ficha_Estabelecimento.asp?VCo_Unidade=4316903470946&VEstado=43&VCodMunicipio=431690
431490|43|4314905881218|http://cnes.datasus.gov.br/Exibe_Ficha_Estabelecimento.asp?VCo_Unidade=4314905881218&VEstado=43&VCodMunicipio=431490
431490|43|4314907532032|http://cnes.datasus.gov.br/Exibe_Ficha_Estabelecimento.asp?VCo_Unidade=4314907532032&VEstado=43&VCodMunicipio=431490
431490|43|4314902237709|http://cnes.datasus.gov.br/Exibe_Ficha_Estabelecimento.asp?VCo_Unidade=4314902237709&VEstado=43&VCodMunicipio=431490
431490|43|4314907363842|http://cnes.datasus.gov.br/Exibe_Ficha_Estabelecimento.asp?VCo_Unidade=4314907363842&VEstado=43&VCodMunicipio=431490
431490|43|4314906971482|http://cnes.datasus.gov.br/Exibe_Ficha_Estabelecimento.asp?VCo_Unidade=4314906971482&VEstado=43&VCodMunicipio=431490
431490|43|4314906799922|http://cnes.datasus.gov.br/Exibe_Ficha_Estabelecimento.asp?VCo_Unidade=4314906799922&VEstado=43&VCodMunicipio=431490
431410|43|4314106020089|http://cnes.datasus.gov.br/Exibe_Ficha_Estabelecimento.asp?VCo_Unidade=4314106020089&VEstado=43&VCodMunicipio=431410
431340|43|4313406881297|http://cnes.datasus.gov.br/Exibe_Ficha_Estabelecimento.asp?VCo_Unidade=4313406881297&VEstado=43&VCodMunicipio=431340
430820|43|4308205928338|http://cnes.datasus.gov.br/Exibe_Ficha_Estabelecimento.asp?VCo_Unidade=4308205928338&VEstado=43&VCodMunicipio=430820
430810|43|4308106055192|http://cnes.datasus.gov.br/Exibe_Ficha_Estabelecimento.asp?VCo_Unidade=4308106055192&VEstado=43&VCodMunicipio=430810
430800|43|4308006740286|http://cnes.datasus.gov.br/Exibe_Ficha_Estabelecimento.asp?VCo_Unidade=4308006740286&VEstado=43&VCodMunicipio=430800
430600|43|4306003915611|http://cnes.datasus.gov.br/Exibe_Ficha_Estabelecimento.asp?VCo_Unidade=4306003915611&VEstado=43&VCodMunicipio=430600
430460|43|4304603347613|http://cnes.datasus.gov.br/Exibe_Ficha_Estabelecimento.asp?VCo_Unidade=4304603347613&VEstado=43&VCodMunicipio=430460
430230|43|4302306676294|http://cnes.datasus.gov.br/Exibe_Ficha_Estabelecimento.asp?VCo_Unidade=4302306676294&VEstado=43&VCodMunicipio=430230
240810|24|2408107164947|http://cnes.datasus.gov.br/Exibe_Ficha_Estabelecimento.asp?VCo_Unidade=2408107164947&VEstado=24&VCodMunicipio=240810
330490|33|3304906732518|http://cnes.datasus.gov.br/Exibe_Ficha_Estabelecimento.asp?VCo_Unidade=3304906732518&VEstado=33&VCodMunicipio=330490
330455|33|3304557481640|http://cnes.datasus.gov.br/Exibe_Ficha_Estabelecimento.asp?VCo_Unidade=3304557481640&VEstado=33&VCodMunicipio=330455
330455|33|3304557632886|http://cnes.datasus.gov.br/Exibe_Ficha_Estabelecimento.asp?VCo_Unidade=3304557632886&VEstado=33&VCodMunicipio=330455
330455|33|3304557071817|http://cnes.datasus.gov.br/Exibe_Ficha_Estabelecimento.asp?VCo_Unidade=3304557071817&VEstado=33&VCodMunicipio=330455
330455|33|3304557367619|http://cnes.datasus.gov.br/Exibe_Ficha_Estabelecimento.asp?VCo_Unidade=3304557367619&VEstado=33&VCodMunicipio=330455
330455|33|3304556222412|http://cnes.datasus.gov.br/Exibe_Ficha_Estabelecimento.asp?VCo_Unidade=3304556222412&VEstado=33&VCodMunicipio=330455
330455|33|3304556619738|http://cnes.datasus.gov.br/Exibe_Ficha_Estabelecimento.asp?VCo_Unidade=3304556619738&VEstado=33&VCodMunicipio=330455
330400|33|3304006067522|http://cnes.datasus.gov.br/Exibe_Ficha_Estabelecimento.asp?VCo_Unidade=3304006067522&VEstado=33&VCodMunicipio=330400
330330|33|3303305655463|http://cnes.datasus.gov.br/Exibe_Ficha_Estabelecimento.asp?VCo_Unidade=3303305655463&VEstado=33&VCodMunicipio=330330
330110|33|3301103710122|http://cnes.datasus.gov.br/Exibe_Ficha_Estabelecimento.asp?VCo_Unidade=3301103710122&VEstado=33&VCodMunicipio=330110
221100|22|2211007079907|http://cnes.datasus.gov.br/Exibe_Ficha_Estabelecimento.asp?VCo_Unidade=2211007079907&VEstado=22&VCodMunicipio=221100
220840|22|2208403772292|http://cnes.datasus.gov.br/Exibe_Ficha_Estabelecimento.asp?VCo_Unidade=2208403772292&VEstado=22&VCodMunicipio=220840
220580|22|2205803849708|http://cnes.datasus.gov.br/Exibe_Ficha_Estabelecimento.asp?VCo_Unidade=2205803849708&VEstado=22&VCodMunicipio=220580
220150|22|2201507277393|http://cnes.datasus.gov.br/Exibe_Ficha_Estabelecimento.asp?VCo_Unidade=2201507277393&VEstado=22&VCodMunicipio=220150
260410|26|2604107547900|http://cnes.datasus.gov.br/Exibe_Ficha_Estabelecimento.asp?VCo_Unidade=2604107547900&VEstado=26&VCodMunicipio=260410
260290|26|2602900000108|http://cnes.datasus.gov.br/Exibe_Ficha_Estabelecimento.asp?VCo_Unidade=2602900000108&VEstado=26&VCodMunicipio=260290
260150|26|2601502715406|http://cnes.datasus.gov.br/Exibe_Ficha_Estabelecimento.asp?VCo_Unidade=2601502715406&VEstado=26&VCodMunicipio=260150
412810|41|4128106281508|http://cnes.datasus.gov.br/Exibe_Ficha_Estabelecimento.asp?VCo_Unidade=4128106281508&VEstado=41&VCodMunicipio=412810
412550|41|4125500019151|http://cnes.datasus.gov.br/Exibe_Ficha_Estabelecimento.asp?VCo_Unidade=4125500019151&VEstado=41&VCodMunicipio=412550
412010|41|4120102687097|http://cnes.datasus.gov.br/Exibe_Ficha_Estabelecimento.asp?VCo_Unidade=4120102687097&VEstado=41&VCodMunicipio=412010
411610|41|PR0000411610000004898054000177|http://cnes.datasus.gov.br/Exibe_Ficha_Estabelecimento.asp?VCo_Unidade=PR0000411610000004898054000177&VEstado=41&VCodMunicipio=411610
411520|41|4115203373843|http://cnes.datasus.gov.br/Exibe_Ficha_Estabelecimento.asp?VCo_Unidade=4115203373843&VEstado=41&VCodMunicipio=411520
410840|41|4108407094264|http://cnes.datasus.gov.br/Exibe_Ficha_Estabelecimento.asp?VCo_Unidade=4108407094264&VEstado=41&VCodMunicipio=410840
410690|41|4106907198698|http://cnes.datasus.gov.br/Exibe_Ficha_Estabelecimento.asp?VCo_Unidade=4106907198698&VEstado=41&VCodMunicipio=410690
410690|41|4106906349978|http://cnes.datasus.gov.br/Exibe_Ficha_Estabelecimento.asp?VCo_Unidade=4106906349978&VEstado=41&VCodMunicipio=410690
410690|41|4106907006888|http://cnes.datasus.gov.br/Exibe_Ficha_Estabelecimento.asp?VCo_Unidade=4106907006888&VEstado=41&VCodMunicipio=410690
410690|41|4106906054471|http://cnes.datasus.gov.br/Exibe_Ficha_Estabelecimento.asp?VCo_Unidade=4106906054471&VEstado=41&VCodMunicipio=410690
410690|41|4106905219000|http://cnes.datasus.gov.br/Exibe_Ficha_Estabelecimento.asp?VCo_Unidade=4106905219000&VEstado=41&VCodMunicipio=410690
410480|41|4104807625537|http://cnes.datasus.gov.br/Exibe_Ficha_Estabelecimento.asp?VCo_Unidade=4104807625537&VEstado=41&VCodMunicipio=410480
410140|41|4101405527872|http://cnes.datasus.gov.br/Exibe_Ficha_Estabelecimento.asp?VCo_Unidade=4101405527872&VEstado=41&VCodMunicipio=410140
251560|25|2515602591618|http://cnes.datasus.gov.br/Exibe_Ficha_Estabelecimento.asp?VCo_Unidade=2515602591618&VEstado=25&VCodMunicipio=251560
251450|25|2514502613573|http://cnes.datasus.gov.br/Exibe_Ficha_Estabelecimento.asp?VCo_Unidade=2514502613573&VEstado=25&VCodMunicipio=251450
251280|25|2512802341689|http://cnes.datasus.gov.br/Exibe_Ficha_Estabelecimento.asp?VCo_Unidade=2512802341689&VEstado=25&VCodMunicipio=251280
251080|25|2510802605465|http://cnes.datasus.gov.br/Exibe_Ficha_Estabelecimento.asp?VCo_Unidade=2510802605465&VEstado=25&VCodMunicipio=251080
250870|25|2508702362031|http://cnes.datasus.gov.br/Exibe_Ficha_Estabelecimento.asp?VCo_Unidade=2508702362031&VEstado=25&VCodMunicipio=250870
250620|25|2506202605562|http://cnes.datasus.gov.br/Exibe_Ficha_Estabelecimento.asp?VCo_Unidade=2506202605562&VEstado=25&VCodMunicipio=250620
250540|25|2505402362074|http://cnes.datasus.gov.br/Exibe_Ficha_Estabelecimento.asp?VCo_Unidade=2505402362074&VEstado=25&VCodMunicipio=250540
250400|25|2504007469128|http://cnes.datasus.gov.br/Exibe_Ficha_Estabelecimento.asp?VCo_Unidade=2504007469128&VEstado=25&VCodMunicipio=250400
250355|25|2503552321270|http://cnes.datasus.gov.br/Exibe_Ficha_Estabelecimento.asp?VCo_Unidade=2503552321270&VEstado=25&VCodMunicipio=250355
150740|15|1507402317796|http://cnes.datasus.gov.br/Exibe_Ficha_Estabelecimento.asp?VCo_Unidade=1507402317796&VEstado=15&VCodMunicipio=150740
150658|15|1506582619555|http://cnes.datasus.gov.br/Exibe_Ficha_Estabelecimento.asp?VCo_Unidade=1506582619555&VEstado=15&VCodMunicipio=150658
150620|15|1506206514723|http://cnes.datasus.gov.br/Exibe_Ficha_Estabelecimento.asp?VCo_Unidade=1506206514723&VEstado=15&VCodMunicipio=150620
150550|15|1505502615118|http://cnes.datasus.gov.br/Exibe_Ficha_Estabelecimento.asp?VCo_Unidade=1505502615118&VEstado=15&VCodMunicipio=150550
150506|15|1505062312557|http://cnes.datasus.gov.br/Exibe_Ficha_Estabelecimento.asp?VCo_Unidade=1505062312557&VEstado=15&VCodMunicipio=150506
150307|15|1503072317230|http://cnes.datasus.gov.br/Exibe_Ficha_Estabelecimento.asp?VCo_Unidade=1503072317230&VEstado=15&VCodMunicipio=150307
150140|15|1501405178142|http://cnes.datasus.gov.br/Exibe_Ficha_Estabelecimento.asp?VCo_Unidade=1501405178142&VEstado=15&VCodMunicipio=150140
150140|15|1501403516539|http://cnes.datasus.gov.br/Exibe_Ficha_Estabelecimento.asp?VCo_Unidade=1501403516539&VEstado=15&VCodMunicipio=150140
317020|31|3170205236983|http://cnes.datasus.gov.br/Exibe_Ficha_Estabelecimento.asp?VCo_Unidade=3170205236983&VEstado=31&VCodMunicipio=317020
315920|31|3159206415768|http://cnes.datasus.gov.br/Exibe_Ficha_Estabelecimento.asp?VCo_Unidade=3159206415768&VEstado=31&VCodMunicipio=315920
315180|31|3151807167245|http://cnes.datasus.gov.br/Exibe_Ficha_Estabelecimento.asp?VCo_Unidade=3151807167245&VEstado=31&VCodMunicipio=315180
315180|31|3151803512061|http://cnes.datasus.gov.br/Exibe_Ficha_Estabelecimento.asp?VCo_Unidade=3151803512061&VEstado=31&VCodMunicipio=315180
315180|31|3151805068797|http://cnes.datasus.gov.br/Exibe_Ficha_Estabelecimento.asp?VCo_Unidade=3151805068797&VEstado=31&VCodMunicipio=315180
315180|31|3151805876575|http://cnes.datasus.gov.br/Exibe_Ficha_Estabelecimento.asp?VCo_Unidade=3151805876575&VEstado=31&VCodMunicipio=315180
315120|31|3151202205963|http://cnes.datasus.gov.br/Exibe_Ficha_Estabelecimento.asp?VCo_Unidade=3151202205963&VEstado=31&VCodMunicipio=315120
314810|31|3148106903290|http://cnes.datasus.gov.br/Exibe_Ficha_Estabelecimento.asp?VCo_Unidade=3148106903290&VEstado=31&VCodMunicipio=314810
314050|31|3140507494270|http://cnes.datasus.gov.br/Exibe_Ficha_Estabelecimento.asp?VCo_Unidade=3140507494270&VEstado=31&VCodMunicipio=314050
314000|31|3140002163802|http://cnes.datasus.gov.br/Exibe_Ficha_Estabelecimento.asp?VCo_Unidade=3140002163802&VEstado=31&VCodMunicipio=314000
313950|31|3139506561276|http://cnes.datasus.gov.br/Exibe_Ficha_Estabelecimento.asp?VCo_Unidade=3139506561276&VEstado=31&VCodMunicipio=313950
313670|31|3136703445976|http://cnes.datasus.gov.br/Exibe_Ficha_Estabelecimento.asp?VCo_Unidade=3136703445976&VEstado=31&VCodMunicipio=313670
313620|31|3136202170833|http://cnes.datasus.gov.br/Exibe_Ficha_Estabelecimento.asp?VCo_Unidade=3136202170833&VEstado=31&VCodMunicipio=313620
312870|31|3128706895719|http://cnes.datasus.gov.br/Exibe_Ficha_Estabelecimento.asp?VCo_Unidade=3128706895719&VEstado=31&VCodMunicipio=312870
312610|31|3126103618471|http://cnes.datasus.gov.br/Exibe_Ficha_Estabelecimento.asp?VCo_Unidade=3126103618471&VEstado=31&VCodMunicipio=312610
312020|31|3120203230430|http://cnes.datasus.gov.br/Exibe_Ficha_Estabelecimento.asp?VCo_Unidade=3120203230430&VEstado=31&VCodMunicipio=312020
311860|31|3118602189666|http://cnes.datasus.gov.br/Exibe_Ficha_Estabelecimento.asp?VCo_Unidade=3118602189666&VEstado=31&VCodMunicipio=311860
311860|31|3118606847099|http://cnes.datasus.gov.br/Exibe_Ficha_Estabelecimento.asp?VCo_Unidade=3118606847099&VEstado=31&VCodMunicipio=311860
311340|31|3113403852504|http://cnes.datasus.gov.br/Exibe_Ficha_Estabelecimento.asp?VCo_Unidade=3113403852504&VEstado=31&VCodMunicipio=311340
311340|31|3113403559742|http://cnes.datasus.gov.br/Exibe_Ficha_Estabelecimento.asp?VCo_Unidade=3113403559742&VEstado=31&VCodMunicipio=311340
310740|31|3107405591023|http://cnes.datasus.gov.br/Exibe_Ficha_Estabelecimento.asp?VCo_Unidade=3107405591023&VEstado=31&VCodMunicipio=310740
310620|31|3106206878245|http://cnes.datasus.gov.br/Exibe_Ficha_Estabelecimento.asp?VCo_Unidade=3106206878245&VEstado=31&VCodMunicipio=310620
310620|31|3106203756408|http://cnes.datasus.gov.br/Exibe_Ficha_Estabelecimento.asp?VCo_Unidade=3106203756408&VEstado=31&VCodMunicipio=310620
310620|31|3106206151434|http://cnes.datasus.gov.br/Exibe_Ficha_Estabelecimento.asp?VCo_Unidade=3106206151434&VEstado=31&VCodMunicipio=310620
310620|31|3106203625176|http://cnes.datasus.gov.br/Exibe_Ficha_Estabelecimento.asp?VCo_Unidade=3106203625176&VEstado=31&VCodMunicipio=310620
310620|31|3106206121039|http://cnes.datasus.gov.br/Exibe_Ficha_Estabelecimento.asp?VCo_Unidade=3106206121039&VEstado=31&VCodMunicipio=310620
310560|31|3105602176874|http://cnes.datasus.gov.br/Exibe_Ficha_Estabelecimento.asp?VCo_Unidade=3105602176874&VEstado=31&VCodMunicipio=310560
500660|50|5006603100022|http://cnes.datasus.gov.br/Exibe_Ficha_Estabelecimento.asp?VCo_Unidade=5006603100022&VEstado=50&VCodMunicipio=500660
500370|50|5003706461085|http://cnes.datasus.gov.br/Exibe_Ficha_Estabelecimento.asp?VCo_Unidade=5003706461085&VEstado=50&VCodMunicipio=500370
500270|50|5002705100682|http://cnes.datasus.gov.br/Exibe_Ficha_Estabelecimento.asp?VCo_Unidade=5002705100682&VEstado=50&VCodMunicipio=500270
500270|50|5002707166397|http://cnes.datasus.gov.br/Exibe_Ficha_Estabelecimento.asp?VCo_Unidade=5002707166397&VEstado=50&VCodMunicipio=500270
500270|50|5002706784453|http://cnes.datasus.gov.br/Exibe_Ficha_Estabelecimento.asp?VCo_Unidade=5002706784453&VEstado=50&VCodMunicipio=500270
500270|50|5002707668333|http://cnes.datasus.gov.br/Exibe_Ficha_Estabelecimento.asp?VCo_Unidade=5002707668333&VEstado=50&VCodMunicipio=500270
500070|50|5000706446809|http://cnes.datasus.gov.br/Exibe_Ficha_Estabelecimento.asp?VCo_Unidade=5000706446809&VEstado=50&VCodMunicipio=500070
510790|51|5107906707238|http://cnes.datasus.gov.br/Exibe_Ficha_Estabelecimento.asp?VCo_Unidade=5107906707238&VEstado=51&VCodMunicipio=510790
510776|51|5107767639406|http://cnes.datasus.gov.br/Exibe_Ficha_Estabelecimento.asp?VCo_Unidade=5107767639406&VEstado=51&VCodMunicipio=510776
510340|51|5103405183251|http://cnes.datasus.gov.br/Exibe_Ficha_Estabelecimento.asp?VCo_Unidade=5103405183251&VEstado=51&VCodMunicipio=510340
510330|51|5103302394049|http://cnes.datasus.gov.br/Exibe_Ficha_Estabelecimento.asp?VCo_Unidade=5103302394049&VEstado=51&VCodMunicipio=510330
510330|51|5103302394030|http://cnes.datasus.gov.br/Exibe_Ficha_Estabelecimento.asp?VCo_Unidade=5103302394030&VEstado=51&VCodMunicipio=510330
510269|51|5102696262848|http://cnes.datasus.gov.br/Exibe_Ficha_Estabelecimento.asp?VCo_Unidade=5102696262848&VEstado=51&VCodMunicipio=510269
210632|21|2106326533671|http://cnes.datasus.gov.br/Exibe_Ficha_Estabelecimento.asp?VCo_Unidade=2106326533671&VEstado=21&VCodMunicipio=210632
210530|21|2105303340678|http://cnes.datasus.gov.br/Exibe_Ficha_Estabelecimento.asp?VCo_Unidade=2105303340678&VEstado=21&VCodMunicipio=210530
210160|21|2101602756390|http://cnes.datasus.gov.br/Exibe_Ficha_Estabelecimento.asp?VCo_Unidade=2101602756390&VEstado=21&VCodMunicipio=210160
522045|52|5220452535483|http://cnes.datasus.gov.br/Exibe_Ficha_Estabelecimento.asp?VCo_Unidade=5220452535483&VEstado=52&VCodMunicipio=522045
522000|52|5220007323182|http://cnes.datasus.gov.br/Exibe_Ficha_Estabelecimento.asp?VCo_Unidade=5220007323182&VEstado=52&VCodMunicipio=522000
521880|52|5218805229855|http://cnes.datasus.gov.br/Exibe_Ficha_Estabelecimento.asp?VCo_Unidade=5218805229855&VEstado=52&VCodMunicipio=521880
521000|52|5210002659549|http://cnes.datasus.gov.br/Exibe_Ficha_Estabelecimento.asp?VCo_Unidade=5210002659549&VEstado=52&VCodMunicipio=521000
520510|52|5205106753523|http://cnes.datasus.gov.br/Exibe_Ficha_Estabelecimento.asp?VCo_Unidade=5205106753523&VEstado=52&VCodMunicipio=520510
520110|52|5201102361604|http://cnes.datasus.gov.br/Exibe_Ficha_Estabelecimento.asp?VCo_Unidade=5201102361604&VEstado=52&VCodMunicipio=520110
320320|32|3203203943291|http://cnes.datasus.gov.br/Exibe_Ficha_Estabelecimento.asp?VCo_Unidade=3203203943291&VEstado=32&VCodMunicipio=320320
320270|32|3202702569175|http://cnes.datasus.gov.br/Exibe_Ficha_Estabelecimento.asp?VCo_Unidade=3202702569175&VEstado=32&VCodMunicipio=320270
320240|32|3202405460328|http://cnes.datasus.gov.br/Exibe_Ficha_Estabelecimento.asp?VCo_Unidade=3202405460328&VEstado=32&VCodMunicipio=320240
530150|53|5301507559194|http://cnes.datasus.gov.br/Exibe_Ficha_Estabelecimento.asp?VCo_Unidade=5301507559194&VEstado=53&VCodMunicipio=530150
530060|53|5300103107302|http://cnes.datasus.gov.br/Exibe_Ficha_Estabelecimento.asp?VCo_Unidade=5300103107302&VEstado=53&VCodMunicipio=530060
530060|53|5300603448592|http://cnes.datasus.gov.br/Exibe_Ficha_Estabelecimento.asp?VCo_Unidade=5300603448592&VEstado=53&VCodMunicipio=530060
530030|53|5300306292747|http://cnes.datasus.gov.br/Exibe_Ficha_Estabelecimento.asp?VCo_Unidade=5300306292747&VEstado=53&VCodMunicipio=530030
530010|53|5300103048586|http://cnes.datasus.gov.br/Exibe_Ficha_Estabelecimento.asp?VCo_Unidade=5300103048586&VEstado=53&VCodMunicipio=530010
530010|53|5300103216411|http://cnes.datasus.gov.br/Exibe_Ficha_Estabelecimento.asp?VCo_Unidade=5300103216411&VEstado=53&VCodMunicipio=530010
530010|53|5300107144172|http://cnes.datasus.gov.br/Exibe_Ficha_Estabelecimento.asp?VCo_Unidade=5300107144172&VEstado=53&VCodMunicipio=530010
530010|53|5300103521923|http://cnes.datasus.gov.br/Exibe_Ficha_Estabelecimento.asp?VCo_Unidade=5300103521923&VEstado=53&VCodMunicipio=530010
530010|53|5300103625885|http://cnes.datasus.gov.br/Exibe_Ficha_Estabelecimento.asp?VCo_Unidade=5300103625885&VEstado=53&VCodMunicipio=530010
231400|23|2314002562855|http://cnes.datasus.gov.br/Exibe_Ficha_Estabelecimento.asp?VCo_Unidade=2314002562855&VEstado=23&VCodMunicipio=231400
231140|23|2311407370792|http://cnes.datasus.gov.br/Exibe_Ficha_Estabelecimento.asp?VCo_Unidade=2311407370792&VEstado=23&VCodMunicipio=231140
231050|23|2310502566044|http://cnes.datasus.gov.br/Exibe_Ficha_Estabelecimento.asp?VCo_Unidade=2310502566044&VEstado=23&VCodMunicipio=231050
230770|23|2307705134617|http://cnes.datasus.gov.br/Exibe_Ficha_Estabelecimento.asp?VCo_Unidade=2307705134617&VEstado=23&VCodMunicipio=230770
230730|23|2307303616711|http://cnes.datasus.gov.br/Exibe_Ficha_Estabelecimento.asp?VCo_Unidade=2307303616711&VEstado=23&VCodMunicipio=230730
230625|23|2306256375324|http://cnes.datasus.gov.br/Exibe_Ficha_Estabelecimento.asp?VCo_Unidade=2306256375324&VEstado=23&VCodMunicipio=230625
230440|23|2304406160468|http://cnes.datasus.gov.br/Exibe_Ficha_Estabelecimento.asp?VCo_Unidade=2304406160468&VEstado=23&VCodMunicipio=230440
230440|23|2304403296288|http://cnes.datasus.gov.br/Exibe_Ficha_Estabelecimento.asp?VCo_Unidade=2304403296288&VEstado=23&VCodMunicipio=230440
230440|23|2304403331059|http://cnes.datasus.gov.br/Exibe_Ficha_Estabelecimento.asp?VCo_Unidade=2304403331059&VEstado=23&VCodMunicipio=230440
230440|23|2304407356722|http://cnes.datasus.gov.br/Exibe_Ficha_Estabelecimento.asp?VCo_Unidade=2304407356722&VEstado=23&VCodMunicipio=230440
293330|29|2933302486482|http://cnes.datasus.gov.br/Exibe_Ficha_Estabelecimento.asp?VCo_Unidade=2933302486482&VEstado=29&VCodMunicipio=293330
292740|29|2927407616546|http://cnes.datasus.gov.br/Exibe_Ficha_Estabelecimento.asp?VCo_Unidade=2927407616546&VEstado=29&VCodMunicipio=292740
292740|29|2927403577368|http://cnes.datasus.gov.br/Exibe_Ficha_Estabelecimento.asp?VCo_Unidade=2927403577368&VEstado=29&VCodMunicipio=292740
292740|29|2927403780775|http://cnes.datasus.gov.br/Exibe_Ficha_Estabelecimento.asp?VCo_Unidade=2927403780775&VEstado=29&VCodMunicipio=292740
292740|29|2927406993028|http://cnes.datasus.gov.br/Exibe_Ficha_Estabelecimento.asp?VCo_Unidade=2927406993028&VEstado=29&VCodMunicipio=292740
292740|29|2927400007005|http://cnes.datasus.gov.br/Exibe_Ficha_Estabelecimento.asp?VCo_Unidade=2927400007005&VEstado=29&VCodMunicipio=292740
292560|29|2925602509679|http://cnes.datasus.gov.br/Exibe_Ficha_Estabelecimento.asp?VCo_Unidade=2925602509679&VEstado=29&VCodMunicipio=292560
291800|29|2918002400847|http://cnes.datasus.gov.br/Exibe_Ficha_Estabelecimento.asp?VCo_Unidade=2918002400847&VEstado=29&VCodMunicipio=291800
291750|29|2917503881741|http://cnes.datasus.gov.br/Exibe_Ficha_Estabelecimento.asp?VCo_Unidade=2917503881741&VEstado=29&VCodMunicipio=291750
291480|29|2914807716494|http://cnes.datasus.gov.br/Exibe_Ficha_Estabelecimento.asp?VCo_Unidade=2914807716494&VEstado=29&VCodMunicipio=291480
290760|29|2907602389517|http://cnes.datasus.gov.br/Exibe_Ficha_Estabelecimento.asp?VCo_Unidade=2907602389517&VEstado=29&VCodMunicipio=290760
290760|29|2907602389452|http://cnes.datasus.gov.br/Exibe_Ficha_Estabelecimento.asp?VCo_Unidade=2907602389452&VEstado=29&VCodMunicipio=290760
290135|29|2901357239807|http://cnes.datasus.gov.br/Exibe_Ficha_Estabelecimento.asp?VCo_Unidade=2901357239807&VEstado=29&VCodMunicipio=290135
130260|13|BA00000000000000000000000006637|http://cnes.datasus.gov.br/Exibe_Ficha_Estabelecimento.asp?VCo_Unidade=BA00000000000000000000000006637&VEstado=13&VCodMunicipio=130260
160030|16|1600306223850|http://cnes.datasus.gov.br/Exibe_Ficha_Estabelecimento.asp?VCo_Unidade=1600306223850&VEstado=16&VCodMunicipio=160030
160030|16|1600302020017|http://cnes.datasus.gov.br/Exibe_Ficha_Estabelecimento.asp?VCo_Unidade=1600302020017&VEstado=16&VCodMunicipio=160030
270430|27|2704305287065|http://cnes.datasus.gov.br/Exibe_Ficha_Estabelecimento.asp?VCo_Unidade=2704305287065&VEstado=27&VCodMunicipio=270430
270290|27|2702906170641|http://cnes.datasus.gov.br/Exibe_Ficha_Estabelecimento.asp?VCo_Unidade=2702906170641&VEstado=27&VCodMunicipio=270290
270255|27|2702553214737|http://cnes.datasus.gov.br/Exibe_Ficha_Estabelecimento.asp?VCo_Unidade=2702553214737&VEstado=27&VCodMunicipio=270255